ID,First Name,Last Name,Address,Gender,Enabled
349,Aluin,Edison,Room 372,Male,true
809,Aluino,Ollive,Apt 239,Male,true
344,Alva,Uman,Apt 520,Male,false
230,Alverta,Tuftin,Apt 73,Female,false
38,Alvie,MacLeod,Apt 219,Male,false
399,Alyssa,BURWIN,Apt 551,Female,false
254,Amalie,McGillivray,Room 1266,Female,true
337,Amalita,Wharfe,Apt 565,Female,false
295,Ambros,Gabbitus,Apt 402,Male,false
247,Ame,Layne,Suite 50,Female,false
918,Amelia,Chartman,11th Floor,Female,false
587,Ammamaria,Nolli,16th Floor,Female,false
